"Id","SalePrice"
1,447463.719421285
2,508167.384761226
3,389861.371126192
4,1842200.41205431
5,358197.955893409
6,743483.301972892
7,333302.303401923
8,3394573.78713056
9,394007.015094381
10,345727.433346693
11,1233114.24445999
12,237297.52353089
13,803689.068020441
14,561713.44581424
15,1192450.24354046
16,1348218.38178881
17,722674.08534377
18,1067089.53439136
19,631556.213083172
20,547946.481630742
21,868100.829525787
22,418240.519818473
23,601286.030653437
24,406929.844605291
25,472497.28143357
26,1939063.42899551
27,51917.1929124268
28,1195518.68656812
29,511510.552178124
30,440412.653783525
31,130937.789765987
32,136187.312328699
33,765371.997997356
34,3297991.70059753
35,354901.568488901
36,2729485.8024735
37,1461811.62073248
38,454444.343729233
39,19131.4310985313
40,661503.448803583
41,781073.868205844
42,1059468.89560637
43,1518548.65710719
44,269786.150428268
45,1258938.15222797
46,452137.528123453
47,2174778.19034073
48,615547.641894356
49,956882.401769412
50,1021288.69525842
51,1079849.85313723
52,498531.787317998
53,326718.068461859
54,534132.92486408
55,210181.45408287
56,898488.722105704
57,1637553.52960515
58,2830626.76846686
59,458618.403667002
60,613784.779747174
61,945514.834740786
62,1152923.05923905
63,568986.851939613
64,718123.239551127
65,405248.645888874
66,85523.1047554194
67,852400.041220941
68,1532718.90658403
69,907599.181823293
70,658070.594063262
71,479783.472513153
72,1039383.81074815
73,980931.69813222
74,815996.692688132
75,650290.613050173
76,162899.043424873
77,495415.589793381
78,360510.079849562
79,253820.848906486
80,511634.006153792
81,911905.001586483
82,1034781.31668546
83,218963.799891732
84,956892.882184242
85,225566.824924178
86,391712.26203918
87,926812.33228573
88,118604.826388957
89,336914.204864949
90,1197531.724519
91,388189.122820398
92,772820.829924273
93,626237.982074155
94,925888.734668102
95,835187.515194264
96,441607.807992678
97,603218.674843546
98,3481088.14845332
99,1193837.7896955
100,630787.576294205
101,444915.522538181
102,856121.44838295
103,400489.605845098
104,698040.26677153
105,352353.430640374
106,1819491.20194508
107,557675.491925947
108,501936.483262841
109,544694.311717867
110,557920.427173316
111,606084.466231
112,71258.4187504037
113,477970.416420882
114,806425.953392993
115,1008691.35107409
116,364435.206186533
117,361560.595200521
118,2713298.28196401
119,1027370.77676267
120,360236.121672665
121,520776.230365695
122,1747486.00756519
123,2972292.79165992
124,1862444.0348092
125,578837.61063504
126,2499634.23771695
127,785908.008124838
128,447143.298961837
129,1437384.41149615
130,582577.72216269
131,1243541.63245039
132,757700.7044629
133,516496.508191024
134,349140.214662574
135,839170.841158326
136,1256620.47231868
137,2961455.5837948
138,370693.548805541
139,963565.911631276
140,1109794.19062792
141,186662.408121259
142,619848.219530538
143,957749.825808283
144,295014.188590045
145,513353.335585528
146,377153.39837596
147,559265.831703768
148,2490684.11739754
149,425096.64061104
150,734771.678527146
151,388872.805114365
152,411321.131074381
153,1674949.76497017
154,1307626.08966409
155,604627.930757612
156,1526982.0346684
157,262239.972883267
158,2178596.19184383
159,788347.399018249
160,345192.465407356
161,797210.288579531
162,1745412.40262977
163,1259698.75921078
164,18174.5727207347
165,703090.541156276
166,525095.524979202
167,247598.766123353
168,495484.811707928
169,1541682.24808258
170,351040.798770372
171,335278.951702204
172,3213520.19188966
173,216018.77578321
174,18958.6127555279
175,982274.083822024
176,426834.240780174
177,139337.347786256
178,899297.066506364
179,502455.503660265
180,163122.725051642
181,2128298.00335452
182,479743.823302146
183,288474.43128913
184,501145.525316228
185,586084.124734469
186,147840.966676026
187,1774059.44622746
188,1264580.15340975
189,366010.596285155
190,691665.3201911
191,199609.726402767
192,1727196.77105451
193,654510.655219099
194,279547.226239598
195,744993.176524207
196,851924.74406375
197,917021.549655856
198,273395.956217941
199,3719528.81877769
200,4498388.72563176
201,603410.558467167
202,408793.84562252
203,230935.945689896
204,507154.034114261
205,258494.329531626
206,211486.839867499
207,2933333.14446784
208,419415.543578883
209,610667.119354391
210,1212162.05245784
211,506259.720182899
212,395257.416040828
213,2513822.46588644
214,3293873.89928288
215,301532.060746064
216,1285068.80679062
217,721027.258838346
218,617177.110478432
219,1925172.0893286
220,646946.646271895
221,423212.47872576
222,260918.532677523
223,718213.328346663
224,846995.612911218
225,1162394.41740795
226,383947.022157768
227,746784.906736744
228,433092.231926544
229,1230015.73091776
230,459284.861037723
231,1107680.98284911
232,1631019.16480289
233,505344.928793079
234,401996.968087445
235,583963.289861232
236,502784.658629673
237,469802.899990441
238,740456.990391067
239,1075422.24419181
240,1484312.13280444
241,615513.335900143
242,1155956.23390166
243,1091499.24304485
244,418239.347897724
245,513706.318472268
246,710354.763491624
247,312928.009582084
248,486353.786070028
249,391875.543899654
250,613786.491484856
251,353894.948803527
252,616603.700246226
253,438586.063859144
254,547478.508335499
255,1118876.08607972
256,573508.448250587
257,359691.963619276
258,937881.779351702
259,663784.58502836
260,507352.941734817
261,693855.827463652
262,1881468.00295294
263,986205.841499624
264,865582.966812207
265,390570.147192169
266,430862.015067499
267,1400937.20593379
268,435636.112486303
269,853063.515799304
270,924241.530141848
271,1653971.7106734
272,1670505.40931694
273,2693815.8780303
274,1014298.50734671
275,683334.258362178
276,2234737.7235501
277,975505.126257411
278,298704.693083497
279,721321.955794751
280,1232433.11830495
281,927410.666983849
282,671615.630864468
283,296802.327747324
284,723029.558889523
285,16628.7037345711
286,3458804.08474522
287,685209.042474927
288,1727676.59975661
289,528585.963847296
290,440787.132989746
291,588432.938096203
292,639939.104057285
293,3515230.93455386
294,1903761.68911827
295,344587.796306199
296,317281.357966405
297,311387.575672543
298,312697.161863567
299,582463.956835161
300,527623.668185584
301,379394.895947377
302,342081.871132954
303,913466.24651761
304,1588416.2423029
305,465655.695957941
306,552357.739078552
307,2200536.50445493
308,15302.7192465139
309,392446.67582862
310,70573.9103592833
311,258948.832557633
312,517461.561830626
313,393085.003249709
314,302296.689778007
315,831845.39297507
316,604849.345634467
317,521660.178639818
318,1159833.44785462
319,905898.428442678
320,753321.230230457
321,2179380.57154869
322,581606.644321804
323,340744.675749335
324,398278.731879296
325,829629.091428754
326,375206.117170605
327,815121.538073535
328,736465.35218284
329,3104156.17714819
330,3002112.83868452
331,347119.618908981
332,120229.694021026
333,625237.873715914
334,312925.611858899
335,415576.845156714
336,562821.679879007
337,549259.72445443
338,238811.948641243
339,591156.52147055
340,484014.911266793
341,462479.609474249
342,356900.685922312
343,1168951.88916058
344,7400.7652831432
345,909693.229512699
346,486057.484894514
347,201245.460539446
348,703183.647161065
349,337485.316665967
350,2683114.27297245
351,2794417.66971881
352,398270.722352158
353,788175.289312249
354,998994.452330713
355,808957.659361593
356,888630.54445569
357,1004116.00758798
358,69763.8867772658
359,469871.767708999
360,1014681.41854871
361,2328427.07760469
362,1175718.47356866
363,516942.255532612
364,346224.950595261
365,430795.281052364
366,361141.445043933
367,16092.7639172641
368,279500.400960804
369,435538.191537612
370,524473.205809306
371,358963.663541495
372,545141.790260072
373,605499.71208766
374,1878380.26197356
375,1382830.50148938
376,472910.221367375
377,908402.786729487
378,691648.911687881
379,1767987.01810372
380,676690.941960391
381,606201.132361505
382,355444.609886618
383,372504.772452753
384,814788.886681814
385,1639022.89729548
386,1737750.12057988
387,821068.985964517
388,560545.76547575
389,222850.770519501
390,726867.376285473
391,1205939.11940412
392,2436399.45608714
393,218997.442463
394,592618.100816023
395,704109.048848171
396,423953.23664835
397,1561701.42255047
398,756554.737023714
399,2732195.85497925
400,417027.291743236
401,257801.672951644
402,839199.875722174
403,2289310.74797089
404,1357838.85925008
405,523075.045218774
406,557444.985979346
407,267728.904049998
408,1471758.04882682
409,240813.519015421
410,402596.566365744
411,261220.062990838
412,19653.0629500792
413,434983.298401443
414,221676.900576646
415,3485688.76068854
416,4222200.05127827
417,441553.334256699
418,400315.575710009
419,469557.656265385
420,545214.913217403
421,189357.454590299
422,273144.532091299
423,347409.83822147
424,312829.121798021
425,2528325.48431911
426,2358761.48926612
427,1619806.66553508
428,1563578.81270862
429,1199669.07858553
430,41641.1501838799
431,122530.905529378
432,1146857.2249406
433,459835.354156233
434,315775.3653376
435,410526.784640548
436,397610.563628292
437,337565.763139895
438,1103378.46682148
439,332298.193742643
440,261539.249869702
441,237191.715230375
442,599268.188578842
443,16541.033841705
444,1089712.37847838
445,1072681.1971405
446,427458.065855625
447,399434.283124253
448,579579.405263953
449,2035493.43310422
450,987946.250831671
451,621478.848204274
452,448827.872125663
453,287668.980735824
454,387803.837293211
455,760522.819614393
456,964633.215409067
457,549109.940467564
458,3124028.19364926
459,413845.534165992
460,1074572.60782981
461,668982.255367414
462,518514.188256597
463,247285.439072886
464,701186.164273583
465,947966.81676305
466,33655.3479057861
467,827342.387263353
468,991451.166028281
469,1369996.77321512
470,445622.316125791
471,305314.89860574
472,2417484.28418785
473,319662.658374588
474,111388.024553932
475,734886.42126528
476,4444276.63340689
477,117585.312622846
478,657224.830319051
479,1141963.25768206
480,567223.282536041
481,1801405.04171727
482,363101.097334471
483,326651.000761919
484,856098.706540787
485,818777.159587251
486,1285962.64580183
487,2561715.35089872
488,411224.453397226
489,1647161.39509893
490,1099801.2791243
491,747520.189380181
492,539376.974265356
493,1645147.26895484
494,577469.02112176
495,243847.465644943
496,388229.530752264
497,492507.095542462
498,957625.937386384
499,337870.686713274
500,663315.935401881
501,3865342.06843823
502,812123.536166542
503,450007.570322154
504,930719.019291837
505,387428.315348325
506,1889459.5231823
507,480917.490145881
508,15738.4671467856
509,1866180.75813103
510,388928.695121262
511,1328859.25574163
512,2090820.30520961
513,657472.485735878
514,844764.528013313
515,711841.445975904
516,742233.507202199
517,219153.891664412
518,443836.047500876
519,1016962.3304147
520,251386.46824248
521,937765.610581306
522,1172811.6378261
523,1651033.70801413
524,695396.030923187
525,271433.982112306
526,3941.58298672713
527,954768.594730986
528,1735538.56578286
529,475413.508237038
530,4237901.79749096
531,379489.08359028
532,442234.060335524
533,806572.990162301
534,558983.186993054
535,332769.758244597
536,553579.399664313
537,2071637.05596584
538,444305.211556678
539,269187.76226059
540,962355.186706983
541,1060207.78748407
542,160828.591792695
543,1826412.71861268
544,654182.199903756
545,1172921.74273782
546,1363068.88739785
547,3138588.35604826
548,329891.327845014
549,948868.735429091
550,524907.658883017
551,306856.531052771
552,567614.944321069
553,1124988.75080445
554,549382.761705277
555,1501310.83838445
556,388447.180608412
557,444250.548107069
558,647011.990545684
559,420723.237129929
560,521544.493922081
561,675190.901023685
562,170807.725036216
563,1045123.3177439
564,239997.159752503
565,1729711.53789586
566,2609425.09153013
567,768121.91233963
568,297587.211985935
569,380483.313114605
570,205717.80906519
571,961433.528781938
572,188240.229945077
573,542868.186962539
574,1346331.36853071
575,370495.663363234
576,370086.261284039
577,265702.975677981
578,763628.944051871
579,1780382.16028231
580,1645493.33609793
581,208490.893980181
582,655339.933983541
583,414983.097188576
584,423422.725261383
585,455695.952438778
586,123214.526316169
587,1606484.86270377
588,488798.1422714
589,1261367.07647974
590,2151340.82137957
591,737613.707070254
592,889146.465645462
593,498122.217460359
594,1371549.4822543
595,557195.600812165
596,221743.292495823
597,577292.293611574
598,621819.525708677
599,922636.471452927
600,598082.708854685
601,2866291.31088356
602,368554.213978514
603,597863.844643303
604,572512.761499546
605,339152.751840138
606,425060.189750346
607,611741.787216776
608,282934.944521381
609,847455.036334514
610,1472850.31398402
611,715503.752509528
612,338755.305488154
613,376835.62556221
614,502545.101857401
615,369626.072380189
616,91558.0929139125
617,1307255.26060825
618,343900.62375118
619,420831.685754481
620,1249374.83331051
621,298763.331043609
622,338713.831192288
623,2528075.72341843
624,532952.14965129
625,93800.8232446746
626,279007.096482273
627,526222.454825913
628,617310.772115662
629,319366.193301347
630,1880328.73541799
631,281665.160684602
632,756052.605151232
633,986496.711289731
634,493230.693703192
635,1064452.27132496
636,545071.935045966
637,387279.298673996
638,2943819.63198662
639,459645.388799372
640,1663941.54958772
641,383637.275146106
642,363921.607042996
643,869344.539890439
644,464111.701039038
645,1669168.62600902
646,332870.421941894
647,926748.802656727
648,978146.247516051
649,304841.807374977
650,988209.306965729
651,1041105.948161
652,2417950.73540192
653,391914.773487225
654,1752292.83437129
655,65597.2768873294
656,428522.20495821
657,131951.584233351
658,255532.222650787
659,686290.766154855
660,846534.263273521
661,332113.841972838
662,285403.887611634
663,490789.7047206
664,1362303.46283382
665,305594.549640828
666,853920.189179517
667,958057.456483653
668,419278.779813282
669,427593.611275855
670,1962116.84364662
671,879935.221602902
672,236857.545464743
673,428425.19705707
674,581728.983969827
675,525643.434116742
676,102024.57678083
677,1259014.69250919
678,276721.048369782
679,433629.755536431
680,324360.765843177
681,1462116.60022195
682,356500.498143602
683,521485.646715481
684,631523.865424164
685,1189627.42353873
686,218327.013905248
687,529709.450319812
688,603017.495466475
689,720606.083830096
690,856777.14703148
691,1986411.70666521
692,645678.266929705
693,1907150.14008177
694,1609245.27691252
695,1584558.36692035
696,626029.906472356
697,1603612.26561796
698,1180594.10083607
699,771448.373968269
700,905469.504631929
701,198626.073069488
702,403094.127283072
703,892717.36189423
704,1979180.71449598
705,1388055.62152821
706,1323449.67232722
707,324470.725446901
708,755261.407747728
709,895406.155249346
710,1019541.51738146
711,627144.214552348
712,573825.497474911
713,624486.213158362
714,449676.637758514
715,1221751.91386349
716,319966.417554585
717,773919.66998389
718,516494.014436734
719,238697.216172194
720,4849323.15532057
721,4125189.40102001
722,343108.070915723
723,391652.15961696
724,262255.512992198
725,939386.419441872
726,596672.937396279
727,877976.527302549
728,712660.228726477
729,1759605.37019694
730,488080.403105182
731,1723167.59601108
732,712753.62380729
733,336434.446048013
734,366922.206510442
735,394090.205016731
736,856209.458498201
737,620830.201049036
738,2488518.35848456
739,576709.371408188
740,553371.683596899
741,229247.03213794
742,374739.944970488
743,195859.682592761
744,947942.237743422
745,1136303.56589427
746,819024.747390355
747,434819.93170683
748,618126.838229573
749,974056.01721072
750,465057.590720254
751,364816.7778187
752,572516.798135663
753,373275.858768068
754,641079.357417139
755,613298.372766685
756,347336.61401637
757,409981.221125244
758,108872.128247707
759,8704355.08063586
760,791775.407611719
761,2327335.19342041
762,1015873.50718133
763,348229.553531601
764,358097.857437877
765,1860943.74221261
766,2064753.66313163
767,458390.179441349
768,318728.112924395
769,4624489.16181139
770,887720.363864208
771,148718.832341577
772,2826971.09108584
773,217683.103304402
774,508912.19895199
775,574499.103639932
776,1861600.01379987
777,571428.749178808
778,503415.56448113
779,293538.693789836
780,999224.469303038
781,15598.176995705
782,1960879.84013793
783,203974.24532367
784,831575.71100349
785,782474.693180465
786,260073.644993564
787,1041304.65102804
788,373828.914263303
789,444137.923867915
790,541190.028742374
791,361801.237703784
792,760616.313166226
793,875181.143036103
794,451312.244454066
795,1306261.07590996
796,1885399.41317632
797,2691536.02124646
798,281026.191052344
799,478832.577758285
800,2289358.75006579
801,384529.709646757
802,19459.2264719852
803,1099088.18635853
804,440323.375915686
805,668192.69253055
806,425398.297279316
807,769070.990098706
808,7314.01215529635
809,349180.489412023
810,648647.733157286
811,1174033.11534297
812,651744.806210451
813,1470292.57419925
814,4354512.69128774
815,627473.345542114
816,1095447.76743637
817,2457.22488978668
818,595902.750078678
819,1220044.3545018
820,1133329.02946992
821,2014691.7578264
822,1407467.21635108
823,1513879.83851745
824,614162.618969989
825,466261.854245638
826,351586.677525164
827,431435.860831401
828,396123.127556741
829,710055.965591734
830,1395246.89331593
831,467017.518199155
832,540984.799119288
833,1814496.51204394
834,872040.561833739
835,567481.956869424
836,954618.544339355
837,389033.657361203
838,463692.144878513
839,696668.269746181
840,1316675.96506945
841,1349573.4285225
842,386521.468806971
843,911744.25266576
844,1134189.71768101
845,736818.61060538
846,451467.358382994
847,3635953.22625613
848,424290.957801449
849,364265.717068299
850,1772770.14173887
851,957553.975813472
852,24248.0289329708
853,200041.829806635
854,791478.718863252
855,564092.598179529
856,416166.500817825
857,329706.137788231
858,488483.011364163
859,2161139.55682486
860,345761.439140909
861,989298.441574542
862,1320170.70569343
863,605841.910730359
864,1893991.57694385
865,278106.161596184
866,239385.967672986
867,2606557.27843053
868,425889.77045726
869,1540599.62622454
870,554576.238127881
871,1680017.27293673
872,368429.560856615
873,1323632.62543742
874,4117433.03886794
875,607849.562805581
876,50973.5626335509
877,161657.596844926
878,422349.151794216
879,3806374.69586084
880,370378.118295948
881,2487129.4155809
882,606846.191821471
883,619798.744306172
884,1579537.64190557
885,718227.629687747
886,1408126.87803458
887,784779.891473887
888,790464.392360681
889,1139667.2685944
890,1205245.96608879
891,351707.151077266
892,3018926.55866644
893,419689.048665777
894,821719.420805474
895,570494.127783965
896,1638659.25023956
897,399391.822261931
898,986438.19900737
899,593240.914124616
900,655089.020587018
901,539685.296327488
902,357067.513340581
903,356309.70809369
904,970811.828189585
905,102081.300627233
906,1885056.05638719
907,1272491.79335564
908,1977716.00352098
909,1906953.85570331
910,438465.696672977
911,767092.741364177
912,1017559.23455281
913,2331055.52850361
914,207936.449277859
915,2336367.95998728
916,670791.019974127
917,648263.324113239
918,311168.89045108
919,2275398.30582466
920,492342.302672792
921,539786.485894547
922,331654.189088457
923,734396.861925711
924,1251440.2987177
925,2535352.06321956
926,10070.6860268064
927,694561.944974688
928,234451.126899587
929,309767.569517747
930,1181427.58601526
931,1194978.05552205
932,562451.72402803
933,898933.645188413
934,472993.44579947
935,112194.589417988
936,406343.573259048
937,30311.2863628963
938,659267.820899374
939,378694.711883968
940,1216636.87727901
941,905014.08868236
942,295064.955308929
943,1882722.11353416
944,3186349.60442082
945,2723001.15989353
946,407586.742557596
947,193144.541254485
948,1248046.99877067
949,1918066.87911152
950,358274.200465247
951,524217.465219943
952,248543.89779847
953,334304.725524949
954,492419.272658256
955,348242.724664147
956,527017.608063429
957,1978465.60360191
958,457421.293857371
959,253808.121670847
960,10840.7270761272
961,369177.514990222
962,424919.364721651
963,309507.992548059
964,69655.4681744372
965,1297237.13785908
966,797917.046552349
967,638125.843024699
968,722248.764269507
969,1768016.22953769
970,572409.981739488
971,123586.780800826
972,364842.416619337
973,672896.089748561
974,389424.158261388
975,502367.556836327
976,392848.662876838
977,357366.610743904
978,974570.18920629
979,255835.216655664
980,364405.518937687
981,432225.231532881
982,740814.345706823
983,284771.054205475
984,1215656.0127778
985,772993.852020788
986,839682.739409507
987,2003509.10183408
988,834224.550649023
989,998653.510105305
990,10533.7176438416
991,3666320.82764791
992,4822484.74936478
993,300226.495125428
994,267504.641739576
995,596860.92943672
996,519001.925437724
997,1004227.29927015
998,187631.891872123
999,236594.565377903
1000,3092975.92959257
1001,194111.318785769
1002,1732229.60176219
1003,822939.251036381
1004,238394.319623614
1005,475772.050927039
1006,1780309.37410058
1007,792169.304097314
1008,2258605.91020181
1009,540566.07404808
1010,867973.435299789
1011,787430.559227866
1012,711651.678540387
1013,554053.800947479
1014,3585692.30426602
1015,292250.991816086
1016,306109.870597518
1017,656051.317652107
1018,510987.25891441
1019,901133.510848469
1020,435621.80049417
1021,2334651.13187381
1022,660288.271456636
1023,667325.624929667
1024,427936.511783701
1025,842686.555952525
1026,864676.786751365
1027,8572924.44169271
1028,315647.478983338
1029,1497028.37860116
1030,770766.74008515
1031,99594.9514845622
1032,344773.844597014
1033,431979.541310639
1034,774412.962960361
1035,344758.603729428
1036,434062.996741713
1037,527567.367104308
1038,652230.559343129
1039,534926.357724131
1040,859101.126374194
1041,405460.69451466
1042,986083.866601999
1043,599244.672779341
1044,979273.129834197
1045,331224.176403703
1046,265652.613778379
1047,524376.672627206
1048,593094.123939969
1049,365368.146807556
1050,429726.117646295
1051,505224.420561475
1052,332921.482956462
1053,363892.731085937
1054,617165.635990297
1055,194212.764610333
1056,313210.473814583
1057,387733.083672066
1058,694308.254314467
1059,264473.729760446
1060,506634.1510435
1061,504502.611293183
1062,86418.7045530996
1063,392735.139540594
1064,1240074.57398325
1065,461937.987382244
1066,560616.783814058
1067,237904.870496307
1068,2056286.96861304
1069,624907.189600834
1070,5374960.63874451
1071,528954.327572131
1072,198455.826208961
1073,385938.03277826
1074,2291106.39133561
1075,907456.654846737
1076,268157.629578832
1077,2562698.33032719
1078,2939361.70838568
1079,1135853.89986657
1080,994034.705131746
1081,493666.907917886
1082,521183.361598478
1083,386714.516549685
1084,454022.421446301
1085,224054.340490345
1086,683016.268212555
1087,314095.963254664
1088,2538320.48020018
1089,737120.74784191
1090,294375.556636846
1091,600495.232732676
1092,651575.789063248
1093,1041472.98569914
1094,934687.111918599
1095,528374.104959089
1096,485663.463024564
1097,300110.863221054
1098,1612199.62137678
1099,565045.676433588
1100,1532482.86287926
1101,299493.511683445
1102,2439873.80493174
1103,9130.77872251469
1104,533994.599833925
1105,2478989.07562656
1106,361025.188763533
1107,241825.824793703
1108,446841.935066312
1109,15701.6639493205
1110,578352.593016072
1111,332158.641978806
1112,335264.593928738
1113,1233464.80459895
1114,474889.900031913
1115,1022101.87099727
1116,2704571.00013915
1117,3075595.41046253
1118,850313.365090986
1119,1934365.34394429
1120,521466.666804336
1121,328522.599451946
1122,1176038.95707598
1123,297525.321359945
1124,1095748.29590628
1125,1117215.27722966
1126,353205.577933936
1127,249165.455753896
1128,597282.504220158
1129,256025.849636162
1130,824912.690151666
1131,230915.882365506
1132,783635.365487201
1133,237299.998386226
1134,745160.547946557
1135,294914.704073385
1136,483235.392533279
1137,850928.091635589
1138,1820667.99053347
1139,298448.833109451
1140,1225193.94790915
1141,1738625.13669096
1142,573951.005484681
1143,742144.221781749
1144,1192732.14965684
1145,2000972.07466165
1146,730495.872644252
1147,776764.954848488
1148,355658.035157782
1149,9223.05694825641
1150,782837.029928031
1151,312271.736210295
1152,1834079.60833294
1153,842384.845767239
1154,1689326.78704096
1155,704801.256739311
1156,379090.647822288
1157,139108.037420031
1158,306317.068580681
1159,52517.5667428294
1160,605779.882527235
1161,337055.004435143
1162,661647.370212329
1163,210093.101455147
1164,172051.368114745
1165,552552.80572372
1166,805994.178502064
1167,732537.964207456
1168,769261.41869189
1169,674213.135211013
1170,237283.647074592
1171,5674598.07623996
1172,725880.458291235
1173,669411.826862704
1174,741866.801251922
1175,266627.610398402
1176,1847546.00769095
1177,506850.569482481
1178,911881.760443175
1179,427623.712573334
1180,467185.092699883
1181,255400.250636389
1182,592502.215480855
1183,319337.938387622
1184,1620021.28530733
1185,991558.811606569
1186,581068.534491156
1187,607971.320649235
1188,1324883.98863157
1189,316924.8720447
1190,3027059.52109186
1191,1516602.65012631
1192,360158.749677029
1193,1807839.05159062
1194,4596035.4027754
1195,765452.085590006
1196,796925.810675371
1197,360688.989461057
1198,348295.270128533
1199,1124406.57992975
1200,849992.526649074
1201,359977.120277358
1202,1113206.53494947
1203,616442.094679713
1204,351173.077074292
1205,1536300.9545493
1206,605585.974941051
1207,321074.988513742
1208,662723.766147379
1209,714018.805426769
1210,319272.827126674
1211,206672.872109838
1212,503480.962252725
1213,2515902.92504622
1214,756553.948903611
1215,1241675.1602589
1216,718562.777506664
1217,522329.056679869
1218,1036134.4267599
1219,3152325.3682413
1220,380168.103437477
1221,442183.080791862
1222,363714.512893042
1223,780217.597543699
1224,641810.204214836
1225,4594634.6092772
1226,1041003.02810942
1227,292057.059583408
1228,456466.277207475
1229,305820.628737764
1230,2181752.44740805
1231,675538.606797034
1232,1034540.66681981
1233,327490.537479898
1234,1232179.11966191
1235,1063103.55226628
1236,876782.290460773
1237,156858.732017053
1238,2801754.14599709
1239,481727.193705176
1240,672210.917409676
1241,653438.763123132
1242,366665.673220835
1243,6185366.02786592
1244,787918.192922668
1245,432331.066299494
1246,1152208.23908555
1247,139730.87938044
1248,656726.321887048
1249,484909.282319352
1250,678832.376568935
1251,314884.229417856
1252,2096889.57699193
1253,120856.392102583
1254,261226.953311351
1255,550131.28353321
1256,153598.24820456
1257,612856.468085437
1258,208751.703701333
1259,46363.6424335139
1260,985994.097437489
1261,539620.610139069
1262,1087063.55998479
1263,549701.973048141
1264,1394860.44549757
1265,3060857.23757184
1266,529784.679842141
1267,458694.467230389
1268,240645.790160969
1269,352677.12015049
1270,59563.2360501912
1271,2308966.69186663
1272,1775160.40453332
1273,401587.508632978
1274,603193.659645252
1275,299218.329633619
1276,1187608.51598118
1277,323446.694852745
1278,1296698.63636765
1279,1883402.47946761
1280,823882.953386569
1281,1273004.76874328
1282,493798.44585705
1283,1214703.56926789
1284,500374.871734862
1285,728166.514850584
1286,719814.693031907
1287,877236.170886778
1288,857499.486331024
1289,943390.527152187
1290,289252.82451507
1291,448339.080274906
1292,1726625.45688422
1293,1340283.21004383
1294,3887.13464122549
1295,389328.374769645
1296,98892.1874403105
1297,304471.485372973
1298,262349.547038793
1299,506135.266151611
1300,2677609.37657781
1301,1396404.89439172
1302,777195.413456019
1303,459441.030242372
1304,888895.309309906
1305,2026453.52353937
1306,15163.7939026567
1307,889646.141482135
1308,436469.520219708
1309,1015287.40757701
1310,660278.840663779
1311,1389447.5369637
1312,476076.645267782
1313,521028.328239779
1314,138311.399374438
1315,498112.757149565
1316,912787.760974966
1317,1194013.31281131
1318,1231058.60554364
1319,3922802.67329819
1320,133069.080204863
1321,1987849.74570744
1322,748891.416311458
1323,375973.283486266
1324,1799916.62664162
1325,452843.009512452
1326,848783.476184905
1327,396280.865956346
1328,609871.294790192
1329,764503.315797943
1330,620595.892499653
1331,337687.2446225
1332,594430.929297625
1333,432344.471148943
1334,1707064.80207426
1335,1257446.63193531
1336,614302.204462468
1337,3557686.49474494
1338,4173624.63927949
1339,959419.399545685
1340,418459.853401346
1341,358611.045915913
1342,34826.230849327
1343,1102096.29413328
1344,378445.790828517
1345,851841.057824391
1346,363655.766516333
1347,494150.287464758
1348,232695.059517146
1349,712315.16518922
1350,295224.510529024
1351,1152531.14139078
1352,489494.638335382
1353,1153298.95248775
1354,1961673.98749316
1355,578912.551121253
1356,258621.030282774
1357,7782.27790427536
1358,2219969.67519922
1359,968746.359009872
1360,604869.987127248
1361,207832.470158614
1362,572360.167957481
1363,301510.509373649
1364,964597.423647194
1365,418524.320979715
1366,634882.578525709
1367,393297.222098697
1368,273026.345877446
1369,608336.120460393
1370,335363.28028841
1371,219657.044437145
1372,622219.080024539
1373,579285.117817128
1374,1898610.22856627
1375,366741.944572318
1376,415696.233327371
1377,628900.707740865
1378,566307.332044698
1379,583180.064697329
1380,251425.423188006
1381,252937.638949395
1382,398716.47853648
1383,412332.947962267
1384,837999.778244913
1385,2933259.52403181
1386,1126313.29055303
1387,113215.479346832
1388,560960.649417011
1389,978028.878630868
1390,905119.519905067
1391,262504.53765938
1392,538042.878644476
1393,522348.216527906
1394,317043.94013652
1395,812627.113833932
1396,606258.585352986
1397,288858.402853278
1398,1068863.98240809
1399,140191.177181236
1400,408469.40870847
1401,724717.53852451
1402,1029452.02250957
1403,770351.115031817
1404,306607.889667952
1405,1530516.9240834
1406,772429.631504109
1407,337661.809137846
1408,886647.091679717
1409,319902.144296586
1410,935267.147589487
1411,448955.949180367
1412,324872.962816456
1413,25309.6143354192
1414,213803.887417183
1415,478307.520236998
1416,800490.600583597
1417,36026.8046477036
1418,2344321.13391273
1419,539744.476965578
1420,892437.796581759
1421,360887.187386383
1422,680002.710591867
1423,314406.883577785
1424,615202.001399175
1425,1046370.92204086
1426,1344086.21150562
1427,2074695.32306741
1428,2000174.74926046
1429,100025.564037639
1430,342497.013465607
1431,302669.284136769
1432,277835.406784741
1433,10459.1704560609
1434,180088.421349169
1435,2562492.45517089
1436,429091.43943078
1437,687593.350367957
1438,178103.472572003
1439,179429.21857422
1440,1911529.93681241
1441,267307.52047821
1442,624578.398755864
1443,3575200.60933606
1444,1896786.46605136
1445,375186.823922138
1446,610509.584181786
1447,930855.954824816
1448,479788.349238332
1449,107411.053452033
1450,1902272.96467
1451,494278.828263592
1452,702085.052873006
1453,459245.659240841
1454,13834.7267126242
1455,381553.070696762
1456,2678302.70410913
1457,823338.577914962
1458,586607.709840611
1459,566556.842149847
1460,352801.347725337
1461,650082.263936625
1462,565138.946528494
1463,839694.378427346
1464,189534.030645703
1465,800257.536928453
1466,618073.640043638
1467,908007.810202511
1468,638784.040798595
1469,611891.096088226
1470,1086264.679881
1471,110498.843748802
1472,60835.8038707958
1473,830966.386786139
1474,516744.887224008
1475,424842.747348173
1476,370235.202222779
1477,455909.784466769
1478,569949.915782599
1479,700016.461042424
1480,746212.277232187
1481,462715.85723123
1482,2288355.77687551
1483,1054891.71040134
1484,391743.66271931
1485,230109.714402591
1486,449177.319310329
1487,930084.299246305
1488,411017.247424591
1489,1875805.29333172
1490,359387.960309937
1491,219902.637520931
1492,586621.127624866
1493,571213.73207836
1494,495881.755650824
1495,771719.327400836
1496,348235.374481521
1497,423882.201883125
1498,1218077.14330717
1499,621470.117628927
1500,353294.790154662
1501,1321231.20423893
1502,1059442.80903408
1503,1604431.6412753
1504,675625.027341379
1505,423152.001603318
1506,873061.333328551
1507,612326.2766772
1508,407396.889076071
1509,1957158.23183886
1510,963680.726102128
1511,3312661.81595702
1512,954018.555561605
1513,1213790.15118916
1514,524087.39491274
1515,8713.15389501109
1516,526981.637449817
1517,947965.104540566
1518,722236.603785416
1519,767734.707975496
1520,19719.6271669693
1521,657209.576451968
1522,393549.692287805
1523,499818.030412091
1524,123336.801636615
1525,1064725.68354433
1526,1112383.606606
1527,468719.143545253
1528,445989.771548514
1529,349457.330164114
1530,733102.582040584
1531,2170901.16001256
1532,454483.619554235
1533,951493.955281035
1534,325576.049880426
1535,1186300.06661574
1536,2270695.81290615
1537,505798.755744777
1538,123127.155441937
1539,445631.307632568
1540,557086.520655595
1541,889460.864016307
1542,1632549.42454441
1543,2822179.67688543
1544,1259114.30163891
1545,786837.304117465
1546,733943.639687271
1547,627634.821459328
1548,2129535.79653641
1549,402877.304297528
1550,718949.8549472
1551,355527.369674884
1552,1023333.84214852
1553,818029.75164543
1554,1617295.48001521
1555,443938.179602586
1556,321887.032360092
1557,412109.094986445
1558,256310.275216544
1559,576960.678605304
1560,525366.969766244
1561,261668.871456297
1562,4958115.05238053
1563,901130.742866608
1564,762292.745971607
1565,1773883.22736903
1566,396885.72809694
1567,1969191.08376269
1568,334606.414746452
1569,333903.354516407
1570,1197692.01024299
1571,1145467.91705618
1572,385415.683471023
1573,577442.293018691
1574,405662.081193796
1575,1978602.09462509
1576,842391.446493129
1577,1114325.33983972
1578,1142135.28054082
1579,1763839.3501084
1580,549066.753770348
1581,863130.50665757
1582,736739.894617831
1583,552469.598336007
1584,549231.026742404
1585,1199803.32332123
1586,425148.656843497
1587,1533333.31112714
1588,524757.03591911
1589,603491.25074086
1590,360098.534143315
1591,459431.648285348
1592,2458618.56241147
1593,1019391.43979477
1594,366500.307533043
1595,1031179.7868857
1596,1021333.64299527
1597,2490361.76170249
1598,512991.180726809
1599,1797159.14619265
1600,1101105.81232575
1601,420018.745441271
1602,578475.555988793
1603,560396.849257632
1604,1875240.36016911
1605,849466.981093025
1606,541180.198497211
1607,1774638.36039963
1608,449927.936855516
1609,29106.4557459679
1610,581642.893767803
1611,705350.8914526
1612,852875.492122897
1613,2961916.95497739
1614,855823.183081069
1615,545381.976033139
1616,540875.602709126
1617,564956.883936887
1618,329300.975215312
1619,1332295.98525879
1620,430450.052128901
1621,1097421.01726391
1622,927217.181869767
1623,170353.679156494
1624,382184.141001501
1625,1661732.30270175
1626,868943.848978803
1627,204549.046480035
1628,358638.324685024
1629,586141.441266869
1630,436170.960491501
1631,2167310.09917727
1632,505358.55110773
1633,337653.152074304
1634,1749297.18001415
1635,1549274.02781555
1636,2079853.52529467
1637,1185000.0082774
1638,819533.986837564
1639,1693389.56702438
1640,326984.76429099
1641,1228979.54539523
1642,977992.596388668
1643,430079.506918408
1644,18928.7608054113
1645,2329098.3478544
1646,994914.16234654
1647,300406.956245986
1648,250763.221383887
1649,564898.166999995
1650,664785.127615758
1651,2292061.53589016
1652,162222.801852802
1653,2110548.74344459
1654,497406.318281959
1655,1173907.46294037
1656,407220.651002498
1657,198138.56385077
1658,1684441.61847376
1659,561031.853653775
1660,653018.510934022
1661,733870.441810872
1662,626284.246007472
1663,114437.717054913
1664,425921.377405192
1665,961278.646475371
1666,1156530.2965398
1667,421244.473089602
1668,959638.756772056
1669,18978.0648681422
1670,324554.919159021
1671,618816.829935042
1672,1811486.06833311
1673,231976.76193049
1674,360667.767064315
1675,188810.678196313
1676,848778.334859701
1677,207356.87351984
1678,833933.364982389
1679,512545.838145311
1680,1087282.69661504
1681,299716.710145016
1682,1069203.5092646
1683,281805.600176181
1684,1924652.72921058
1685,743603.076909328
1686,436093.927733687
1687,3517991.0726574
1688,570536.247233879
1689,725714.155741678
1690,597645.875972776
1691,659000.903678905
1692,435078.043542466
1693,207708.697590397
1694,454664.685640943
1695,424457.962897213
1696,264460.737273637
1697,1237706.51294178
1698,996779.542490073
1699,15752.5961969406
1700,388473.461073873
1701,480026.206243867
1702,1397918.48785313
1703,469124.55624642
1704,645758.317054786
1705,355451.088603726
1706,488334.510404635
1707,1494135.96248191
1708,621461.464703384
1709,336995.884385491
1710,1001675.61480565
1711,328904.408584211
1712,518508.695646274
1713,314138.186256702
1714,391368.200811635
1715,615157.575881079
1716,242820.117293857
1717,474298.371012303
1718,219269.883617562
1719,614679.613820933
1720,428903.003198898
1721,50775.5707788167
1722,795133.841385238
1723,565147.150847233
1724,205242.539702321
1725,2646373.08316042
1726,362788.145347856
1727,681835.23621226
1728,1355423.6417928
1729,1759085.90408729
1730,551120.843076642
1731,240707.713269055
1732,724826.848174853
1733,1045088.69160192
1734,390928.905840273
1735,738596.78619826
1736,578654.31950804
1737,1073151.71355031
1738,233044.269268408
1739,463839.544099544
1740,2579820.91452811
1741,612633.908534499
1742,430196.71026677
1743,1394173.06826339
1744,516792.760568743
1745,1644974.50767064
1746,270780.527361153
1747,670031.649356408
1748,972092.827666014
1749,793514.811154632
1750,708408.438106088
1751,724611.150329121
1752,3102917.5556289
1753,1722647.13286725
1754,1309730.92723491
1755,1137108.86637509
1756,391740.815716662
1757,876974.920827465
1758,3525049.64651427
1759,345729.324866736
1760,317392.588163951
1761,983349.795427897
1762,462877.079507945
1763,868230.506790834
1764,591360.594597701
1765,899700.768052414
1766,402844.239712971
1767,1696052.09829412
1768,343987.50720082
1769,1833893.58636982
1770,163350.501568336
1771,1565955.15931216
1772,578327.366821786
1773,1665531.51121958
1774,392697.22820277
1775,239781.419908269
1776,1106659.30783355
1777,522465.944803426
1778,386558.54770863
1779,114200.567339507
1780,119606.290489857
1781,385004.155207538
1782,524670.792484772
1783,830756.248622715
1784,613361.709894793
1785,350578.508845238
1786,1163358.20460307
1787,310439.036596617
1788,397460.912954038
1789,549504.341038706
1790,580697.055666262
1791,1194942.77641654
1792,360590.804887119
1793,658238.521339396
1794,981991.935964
1795,823635.100058755
1796,521722.563908647
1797,1734347.93920836
1798,749714.426279673
1799,3064099.53170431
1800,341537.470007109
1801,122600.887588831
1802,2143453.75516637
1803,625114.801665271
1804,948422.364749261
1805,1119203.01162285
1806,379049.762100096
1807,554371.440933965
1808,390053.430897479
1809,237221.297578537
1810,1697999.07678602
1811,419664.059411644
1812,935362.27245056
1813,1473486.58945404
1814,15614.5983038133
1815,889891.151361119
1816,425754.309949082
1817,342459.328980608
1818,291340.351882888
1819,532577.185865209
1820,2289187.22594468
1821,379838.439841841
1822,2684719.03316955
1823,2805175.96301134
1824,811314.489874422
1825,399191.682050558
1826,395581.591123341
1827,543571.838338143
1828,243847.196173279
1829,148122.356626062
1830,598855.917190471
1831,885404.535805201
1832,262048.055176107
1833,1160952.41859212
1834,495090.17710114
1835,355750.138925453
1836,4843189.61077678
1837,1086045.00503209
1838,1185097.56428371
1839,436905.308599865
1840,599427.578061432
1841,356508.472103346
1842,301437.298475104
1843,1375355.36347706
1844,385206.881930406
1845,480542.593914366
1846,387479.075633616
1847,679700.536529719
1848,1125184.1516564
1849,375613.357361345
1850,370551.436001755
1851,834511.177109893
1852,1634389.57665304
1853,529781.102847497
1854,1756626.84297936
1855,1164685.08465274
1856,991930.915861834
1857,389496.404483111
1858,717134.171187864
1859,669866.219626566
1860,699332.630875742
1861,1591274.52824266
1862,770680.382337115
1863,743340.235523381
1864,604597.2877766
1865,302847.356139148
1866,758045.543681798
1867,423614.930245314
1868,254432.812106005
1869,261132.607047347
1870,511565.795842472
1871,2289042.71525614
1872,517749.10210695
1873,25253.8787886562
1874,337690.34436703
1875,1458796.69743801
1876,15948270.4271498
1877,369082.315124813
1878,13802.035884425
1879,488187.835318598
1880,256639.581468653
1881,14929.5879511349
1882,1061975.04820185
1883,223467.407178043
1884,341146.745657657
1885,1032806.13100871
1886,4254396.39215429
1887,430168.791034555
1888,203596.197051858
1889,431003.898524974
1890,762056.279600424
1891,1716962.90516862
1892,189066.008972831
1893,272052.335303639
1894,310035.31978272
1895,2535256.97712618
1896,2360587.77015352
1897,1020789.11137757
1898,16617.2060429521
1899,556046.44181196
1900,59480.9029746128
1901,124500.864811648
1902,1799807.60111849
1903,459579.25311
1904,395934.025059308
1905,959831.98354419
1906,901339.510223774
1907,401747.353783468
1908,260843.463873737
1909,277826.57782386
1910,590637.835457057
1911,636055.869308116
1912,2488714.14331059
1913,701162.319873243
1914,779462.639522157
1915,2517074.2500859
1916,514843.472349063
1917,1396856.63849023
1918,575707.404406989
1919,393222.637188607
1920,577003.105584373
1921,1869194.18990581
1922,620901.928972449
1923,262838.226807888
1924,143342.180903171
1925,209606.928892499
1926,987816.909731444
1927,301687.318581572
1928,2327180.91959669
1929,153820.967793968
1930,340016.935088446
1931,285158.784989148
1932,665613.949062951
1933,327108.35180467
1934,550558.32047591
1935,695302.148043951
1936,248471.88007144
1937,956730.288529587
1938,381500.983293014
1939,771767.758973224
1940,1013547.31304214
1941,10890.3137878581
1942,1170439.82488673
1943,292743.083265836
1944,1379320.48995345
1945,3270690.05075078
1946,1443125.38507213
1947,322197.166172077
1948,4450283.74999523
1949,309313.918011956
1950,568315.296984167
1951,390073.326683478
1952,363383.411159795
1953,100717.628509043
1954,121659.316982334
1955,1126034.37584502
1956,1093331.47085714
1957,1145140.98348485
1958,747217.46086649
1959,639394.154993416
1960,476453.907574224
1961,966968.054859802
1962,244316.461884186
1963,380656.20824122
1964,496827.81783473
1965,1181308.90448405
1966,664117.78055016
1967,653443.96991357
1968,317949.133487099
1969,402733.765368434
1970,811980.629710018
1971,649144.204547187
1972,460331.338347398
1973,314827.851550133
1974,757810.232014356
1975,2793299.64332848
1976,939451.1706044
1977,4334550.26436771
1978,483051.505852666
1979,389753.990254138
1980,545023.923203742
1981,2073206.24610309
1982,990310.354966149
1983,431831.381197352
1984,1365742.05939393
1985,1575546.9799601
1986,830444.959233574
1987,1091280.04646679
1988,455962.060557632
1989,1014460.40137083
1990,325315.114422756
1991,373748.720876625
1992,928979.278412564
1993,791607.726911935
1994,530734.770698094
1995,700970.453804114
1996,891110.998173367
1997,1539680.52139136
1998,20038.6301998902
1999,955817.54177768
2000,698712.005431748
2001,862879.750990753
2002,320768.977955416
2003,2468628.59933904
2004,611382.426813061
2005,3542347.40232578
2006,4250391.45999255
2007,658232.98431479
2008,810207.77701676
2009,302548.301246493
2010,288926.407475868
2011,35741.3649659449
2012,739925.725255081
2013,1362486.53846895
2014,1508383.72868562
2015,232998.362624124
2016,3599565.68740556
2017,437822.374169329
2018,716817.338591209
2019,268407.955273918
2020,236483.145061701
2021,965294.353317542
2022,594331.690403977
2023,11968.2973659583
2024,1065467.66389259
2025,1626891.47831661
2026,1950548.77121323
2027,573841.070375146
2028,1109922.03679268
2029,598252.020023926
2030,1364478.35295799
2031,326405.965757525
2032,557414.098746337
2033,4623457.48460234
2034,320151.603785964
2035,74206.8362692646
2036,540775.538316451
2037,414708.387845115
2038,1730331.62529922
2039,381576.425917916
2040,428129.098123819
2041,692953.085970608
2042,670909.353131925
2043,169947.983817824
2044,1069186.5056524
2045,237728.807780671
2046,262874.243897386
2047,297381.562979445
2048,415555.556297057
2049,467992.44488655
2050,299755.091314683
2051,385912.089151247
2052,3497583.27131365
2053,320104.57211954
2054,407530.603157385
2055,545856.752690265
2056,1356704.16532963
2057,214804.302940375
2058,826246.716782687
2059,207443.092542903
2060,202689.489433173
2061,3073452.21097661
2062,361010.243593104
2063,671892.446261363
2064,835148.025033923
2065,552069.925175789
2066,3569766.01134522
2067,1624478.95019805
2068,484127.684349233
2069,1247779.72415766
2070,389528.3383067
2071,2150549.19543498
2072,734404.015620221
2073,575347.664225552
2074,384714.956509355
2075,416561.845499713
2076,344559.058501154
2077,620957.744238988
2078,1489297.90236867
2079,591345.269003203
2080,132431.825163948
2081,1004886.88201916
2082,380242.784584273
2083,768489.77416968
2084,3142962.23564869
2085,350153.553029774
2086,6716366.62254817
2087,507018.009580435
2088,825167.54315864
2089,96332.4126562383
2090,1316575.20379912
2091,340717.944171512
2092,658451.794493175
2093,285095.90709664
2094,481455.128587285
2095,189046.794059601
2096,2425339.31629439
2097,148034.182759675
2098,778204.612679061
2099,297890.552178162
2100,263938.445488093
2101,83772.5551620805
2102,237581.127213653
2103,920754.294663335
2104,1059346.90764437
2105,525984.79827084
2106,102181.836373929
2107,278923.645285595
2108,519759.879143179
2109,447724.114396739
2110,352750.166893527
2111,630535.249961529
2112,284346.585623345
2113,2749235.87548193
2114,207652.740984858
2115,349906.68166025
2116,905752.94503144
2117,338961.660215751
2118,1047024.68499332
2119,726860.184945385
2120,542714.086408254
2121,310756.887375732
2122,2947613.18214232
2123,469191.45363813
2124,575657.82475482
2125,1660691.45896379
2126,384721.229365475
2127,524612.381455906
2128,915808.028687601
2129,988394.625460921
2130,594418.901761633
2131,1120522.52597897
2132,1182303.64098365
2133,305432.58068407
2134,989751.897315785
2135,368973.347958162
2136,645577.738449021
2137,1790431.96234056
2138,63649.642298492
2139,126831.542873709
2140,401397.646605296
2141,1143248.33672276
2142,611827.526647632
2143,1024897.74856665
2144,774964.731369446
2145,490627.120566877
2146,618132.146863056
2147,306603.192191437
2148,850760.604058705
2149,384603.378316231
2150,1361303.54004492
2151,432131.561966524
2152,888157.173704438
2153,369320.135253665
2154,720606.95662674
2155,706095.936276376
2156,104061.827730034
2157,363901.0804873
2158,736129.165679489
2159,2495295.03786128
2160,1275168.02179614
2161,527520.801465877
2162,2116237.29314128
2163,428278.987750077
2164,1469225.39758624
2165,220493.156786178
2166,270290.530825664
2167,2973796.12091883
2168,102556.187604221
2169,709615.455590222
2170,318207.579700881
2171,2125152.73845681
2172,1982718.92062196
2173,1266953.67679353
2174,405283.4208689
2175,1161173.06324597
2176,218620.86940023
2177,528308.735728494
2178,598627.450649204
2179,718333.650204894
2180,760546.788091421
2181,653534.434637392
2182,883261.411594394
2183,299860.542432027
2184,1125461.89513
2185,679609.478490619
2186,595327.520397973
2187,625652.082248651
2188,702693.127936295
2189,307390.034627797
2190,420838.370306888
2191,695767.679565869
2192,212110.628469237
2193,802847.332625457
2194,914759.259174967
2195,199609.104044193
2196,405431.087730725
2197,331217.833063413
2198,894208.702524864
2199,1947202.70381208
2200,240115.383020243
2201,513247.863391495
2202,821786.383710036
2203,864949.317505793
2204,704445.911357809
2205,1535189.31442724
2206,2017713.53929317
2207,1229149.41605232
2208,1459375.9194965
2209,845370.239224593
2210,1022920.13042493
2211,320018.934039413
2212,693429.627159632
2213,1226206.70404648
2214,518117.352851833
2215,521368.025837418
2216,883948.568589189
2217,272842.895461632
2218,235892.26825533
2219,4845588.3536972
2220,481785.955124189
2221,215261.719842287
2222,388534.098949996
2223,1511230.51290467
2224,263258.4286978
2225,1507613.2959511
2226,787283.978973441
2227,63377.5260144246
2228,814657.472673258
2229,1106407.6668895
2230,705983.44129685
2231,765225.852882147
2232,230199.485906214
2233,864126.999900952
2234,702077.611641361
2235,269523.244513939
2236,865524.15318776
2237,1018712.94730293
2238,442508.789076067
2239,457674.778030407
2240,321441.621426103
2241,194376.706336884
2242,435854.944797123
2243,228450.389970591
2244,469530.329724959
2245,823800.18482466
2246,708515.24331968
2247,1400343.17793749
2248,650761.984913037
2249,2010270.60738714
2250,393343.830870808
2251,369793.462883501
2252,794340.049035609
2253,481265.548789756
2254,789430.440639278
2255,348244.490157271
2256,341063.384247166
2257,687863.727408681
2258,599494.320330822
2259,446211.730741939
2260,1572471.63587983
2261,1032156.56710925
2262,190520.26226709
2263,1044228.44149268
2264,1136391.89077337
2265,149509.010189723
2266,2862719.28411148
2267,1693306.21486711
2268,220193.427552323
2269,1042514.95487661
2270,519805.454084449
2271,897362.923883261
2272,538046.786777876
2273,566148.165100317
2274,1408311.51229964
2275,1842086.47917976
2276,577525.82800444
2277,412317.153459054
2278,1003805.87262713
2279,1982479.93909341
2280,1871909.43991331
2281,257848.277622828
2282,1052871.06844414
2283,1117323.24352279
2284,371704.47539685
2285,783917.954403126
2286,551693.377864001
2287,249581.443352367
2288,354858.349516242
2289,554044.782054292
2290,1340300.36933366
2291,1335568.21496183
2292,1880724.61435038
2293,466667.459221337
2294,385273.840060189
2295,2323239.72034109
2296,1085079.61095228
2297,433573.249079086
2298,415092.010294286
2299,701731.457882542
2300,349734.489022334
2301,349343.411676284
2302,709042.049444246
2303,222456.994443541
2304,266104.501655737
2305,4337765.52403011
2306,340645.716958672
2307,91334.8483160692
2308,336969.126622361
2309,524438.531801169
2310,1226981.90923625
2311,1501566.32945719
2312,337004.648284296
2313,387940.422490985
2314,358826.607603442
2315,513695.319154063
2316,250503.677705078
2317,617462.625400839
2318,225435.828377995
2319,3004392.10540927
2320,599952.912285787
2321,710962.758256495
2322,1398856.15410403
2323,2316870.72568075
2324,2288851.20388549
2325,950125.682142277
2326,231278.303424542
2327,459272.151059042
2328,749551.839941516
2329,1342692.14479506
2330,1072789.71336743
2331,1760348.3903045
2332,1131115.93608637
2333,735054.068348693
2334,1234314.43111901
2335,320576.130835417
2336,24100.3441526102
2337,8567848.08307596
2338,293633.617526933
2339,1322926.965469
2340,468492.352809039
2341,329825.75351704
2342,350607.716881133
2343,510099.193322598
2344,585012.724866143
2345,2724307.24514946
2346,909966.814489272
2347,345557.027065541
2348,978673.099095323
2349,354633.066796792
2350,599028.850380252
2351,1890667.49083663
2352,232921.298007915
2353,653004.014425212
2354,1544892.83305208
2355,556389.39815594
2356,287326.430839877
2357,932491.40151679
2358,847897.038001385
2359,543341.240508061
2360,451280.591368545
2361,435276.264692138
2362,4147659.23113516
2363,256302.666237218
2364,220741.741016501
2365,700208.352531163
2366,626309.151303774
2367,660934.763519296
2368,161630.86077932
2369,1570709.20163353
2370,476739.09105671
2371,725298.960036935
2372,187217.654899566
2373,352845.062186159
2374,332414.700617192
2375,1169143.39365122
2376,785460.96022072
2377,1135247.74171473
2378,582409.250993932
2379,810873.036080641
2380,584195.324551622
2381,981129.76832281
2382,184735.60080858
2383,654002.556009186
2384,348952.91075817
2385,334819.974859348
2386,274554.247529823
2387,520710.386371746
2388,657398.992957053
2389,96206.7740565709
2390,954511.551315242
2391,975724.408590095
2392,1395829.20290868
2393,803088.691694488
2394,584685.639108948
2395,356023.295034193
2396,520291.47008709
2397,765110.846531968
2398,338918.277502349
2399,421631.668075992
2400,957541.193977433
2401,2722583.45476221
2402,975301.968114674
2403,569770.471152941
2404,2002467.89433999
2405,1888563.27752425
2406,1792852.12382244
2407,427630.454940009
2408,1018913.54203636
2409,7388.79359317999
2410,671665.908297062
2411,866332.515371299
2412,576142.461948586
2413,313270.893341396
2414,368204.649296671
2415,499551.492521268
2416,328824.18818048
2417,273269.031224002
2418,1146231.55890868
2419,1215653.84831047
2420,1302656.70382765
2421,412217.119499545
2422,268723.036992013
2423,388447.973220682
2424,991113.012335266
2425,231537.764291107
2426,308330.521887064
2427,1167525.90268654
2428,472430.88482245
2429,114780.054323519
2430,15100.1493418838
2431,391537.135538058
2432,910767.96502839
2433,1131723.04731274
2434,444553.466097126
2435,3170974.34620285
2436,195503.825869399
2437,1247980.78327799
2438,1901727.12944121
2439,2517595.83326009
2440,152937.89206038
2441,219162.87153246
2442,1586495.74738426
2443,559595.122619376
2444,505403.737835444
2445,526375.146863243
2446,589223.45106482
2447,530415.220303962
2448,2005670.0704841
2449,137083.043285353
2450,360653.252878413
2451,250072.888408637
2452,263702.112458607
2453,4933464.603853
2454,701981.577933078
2455,591647.695879874
2456,811874.248860312
2457,791261.258965077
2458,649157.408960473
2459,717480.049390949
2460,2018207.95681415
2461,1111508.23150027
2462,136616.887493587
2463,229264.465520981
2464,3271220.17492416
2465,358175.146316618
2466,229554.730165588
2467,1014545.5621283
2468,678465.809023348
2469,545729.758006402
2470,521328.434027005
2471,496770.4110949
2472,407451.454447269
2473,764012.742132801
2474,752854.934559322
2475,423879.327309747
2476,1730303.30102093
2477,688941.295982634
2478,507428.934559003
2479,2034269.51355097
2480,997098.841039873
2481,409571.833702555
2482,470237.480762701
2483,1359834.59969238
2484,306073.238343311
2485,213518.449166329
2486,1531372.1838086
2487,683695.105220946
2488,713482.501444032
2489,609564.559419011
2490,317353.344030663
2491,239487.467515148
2492,3068415.68626768
2493,1742724.39954466
2494,482796.591730038
2495,638483.640810838
2496,328607.217218996
2497,633104.919576551
2498,796813.948821868
2499,133163.504106058
2500,357156.694208211
2501,2244090.57555796
2502,431409.889426359
2503,715852.119271654
2504,409690.464924075
2505,870541.983255734
2506,1485761.86934722
2507,1793104.43331624
2508,656108.154474123
2509,924077.241353508
2510,138461.012779845
2511,663067.551285529
2512,3424851.33868764
2513,322194.216729757
2514,532183.441274706
2515,425187.762117559
2516,832844.539756055
2517,1743881.90941515
2518,203425.070501754
2519,2653713.17513451
2520,1691753.55496725
2521,322500.580286909
2522,656943.828527072
2523,769079.224539347
2524,418887.289299152
2525,430250.27838606
2526,1188601.36485851
2527,330339.510569414
2528,334474.861663103
2529,601350.535298873
2530,259786.19886136
2531,879223.432883611
2532,498436.033921283
2533,620906.43336348
2534,269330.167676941
2535,344850.806945982
2536,389545.079344617
2537,693581.3517412
2538,215656.469889801
2539,488796.476226824
2540,510930.120193041
2541,505998.694791913
2542,1724378.90399124
2543,247332.094739832
2544,394111.33109392
2545,1250974.86726923
2546,1519722.10740292
2547,1875706.07205654
2548,459464.296898892
2549,436374.542603065
2550,1360313.75827585
2551,593746.406763252
2552,522898.905904381
2553,1336836.99482668
2554,489987.15064466
2555,389679.647067875
2556,397369.136862323
2557,266779.37251865
2558,1981936.58253007
2559,2622379.17677787
2560,508545.538795693
2561,405201.087308255
2562,1370497.4334475
2563,1699724.25590166
2564,2185728.51484356
2565,97707.7555763698
2566,1254079.43988073
2567,4175968.62048057
2568,247654.971080911
2569,683976.901505026
2570,147595.097059501
2571,5552850.79581768
2572,512614.485141375
2573,525200.346075391
2574,1467367.89145554
2575,3434552.87463433
2576,652293.554951304
2577,494199.137265943
2578,2346699.14819724
2579,1043494.79850953
2580,766229.200977651
2581,243396.020433402
2582,456307.433695407
2583,8826.68699164063
2584,2473290.2271589
2585,359480.352496552
2586,450048.803229748
2587,720696.540310631
2588,582592.030231629
2589,763870.505090252
2590,353124.977827502
2591,1370794.8774971
2592,448141.24194564
2593,1024600.17214719
2594,371720.74925439
2595,885029.517338228
2596,1030059.37467228
2597,902587.996408902
2598,327911.165311917
2599,480604.984525877
2600,1089802.77628813
2601,1116325.21731535
2602,776855.806953196
2603,331055.197999413
2604,402055.666208421
2605,403442.584079106
2606,890049.909665667
2607,1836298.29298243
2608,587814.967707098
2609,365235.500463883
2610,735716.474300802
2611,267957.502847193
2612,474025.932570223
2613,1131233.47221905
2614,495310.859872813
2615,922814.938190291
2616,3138728.80046196
2617,732787.413822138
2618,756878.761256946
2619,1334884.68539495
2620,1537286.26864977
2621,454546.561164462
2622,342308.342628268
2623,309778.421046628
2624,338914.547125848
2625,610493.256289868
2626,192820.831948846
2627,1227037.64117548
2628,1714425.45697658
2629,654685.083630071
2630,750884.630854177
2631,1991171.35291465
2632,1966096.12989119
2633,720588.543081317
2634,1879813.73914913
2635,783537.362423196
2636,350104.265078247
2637,895078.698624579
2638,709024.514721522
2639,697717.453651604
2640,3747224.2749554
2641,841293.744275565
2642,1692844.52173753
2643,1360410.49339036
2644,352084.102527917
2645,704453.944976255
2646,1366344.58535935
2647,200709.113395406
2648,530852.980459265
2649,308340.084387023
2650,704383.407579702
2651,960440.724853648
2652,390498.439667487
2653,1014375.7766809
2654,532328.067826249
2655,2824742.88302051
2656,948585.078496784
2657,324475.289970531
2658,548109.986482501
2659,959843.389406651
2660,334889.448814124
2661,1307541.95176735
2662,774021.477308122
2663,816807.82977045
2664,1263614.49637829
2665,504372.246132871
2666,1892052.80345659
2667,998023.052313916
2668,285253.665291526
2669,265635.287923907
2670,609494.190059075
2671,432662.671013342
2672,1456897.86647458
2673,204132.664300694
2674,567381.730022461
2675,466211.405462987
2676,504845.189147944
2677,828474.026096171
2678,387036.537848876
2679,312402.10776912
2680,869766.050909743
2681,1047232.40226421
2682,402239.8978645
2683,1768680.67270136
2684,585518.285795913
2685,4584204.42833503
2686,2167927.49822991
2687,770489.796394249
2688,672126.960770373
2689,514237.776548627
2690,344742.363068326
2691,1111448.74952137
2692,359759.272999578
2693,614253.175097554
2694,271676.83231626
2695,1526087.77953104
2696,562496.145895113
2697,1331740.32039023
2698,450098.437374951
2699,498080.879401278
2700,879623.206964218
2701,253232.188468289
2702,1648738.91336453
2703,888489.614039183
2704,1307282.0905146
2705,341672.485631777
2706,493110.785032254
2707,754793.964462272
2708,584007.30201139
2709,2507634.02349056
2710,761679.105552468
2711,794085.211177374
2712,1079731.04222501
2713,467497.989830479
2714,550311.083267854
2715,519501.76143796
2716,380474.879010246
2717,766734.804374313
2718,2361086.61489303
2719,681246.706818129
2720,377249.216868482
2721,632407.450041557
2722,674826.96997422
2723,508956.670155103
2724,458782.416077726
2725,311717.326748542
2726,447103.820186653
2727,896759.348340056
2728,135206.948801268
2729,1760743.76681468
2730,453778.240179231
2731,686169.276681593
2732,4275666.17736036
2733,349364.305172277
2734,1978038.71463972
2735,341658.905970711
2736,1054739.72509239
2737,156650.530266324
2738,2462333.35779432
2739,1655421.63534914
2740,6166710.26049092
2741,381823.800729112
2742,490447.774562304
2743,5308747.03440442
2744,429247.684080213
2745,1167135.05994444
2746,252899.479498427
2747,943907.502087328
2748,482649.385606362
2749,361104.386323815
2750,1317366.7706955
2751,1751404.69253435
2752,255171.85629904
2753,1913068.19314303
2754,315212.88538914
2755,1147725.84647561
2756,2097621.94536685
2757,601066.777247038
2758,10401.2513714331
2759,212032.783228699
2760,1655170.04095944
2761,760597.492818655
2762,708421.181340287
2763,332832.241256041
2764,1414307.25720396
2765,738587.352635081
2766,802895.93155789
2767,1622628.0063724
2768,5983055.75729426
2769,566382.870948758
2770,560208.272785619
2771,1374802.40900276
2772,452470.722375634
2773,59368.6492136779
2774,275253.389944158
2775,677755.196864352
2776,1623954.67988531
2777,1105978.30148072
2778,2339857.16130935
2779,1775313.94890197
2780,407372.522698652
2781,611118.290063847
2782,170264.291765942
2783,860970.495598584
2784,232058.84089697
2785,1299108.99968522
2786,599006.375410894
2787,2287313.34942039
2788,477636.015136381
2789,826361.423648192
2790,280824.485068584
2791,378162.520315132
2792,258639.886902223
2793,910354.999692812
2794,1218460.4367701
2795,707779.514362913
2796,621573.567926141
2797,506029.391068768
2798,672861.511267739
2799,578655.776461434
2800,582556.52709537
2801,2079612.91986342
2802,1173898.63566116
2803,1363676.40003287
2804,504095.588241149
2805,342505.446335019
2806,1753992.55971604
2807,1018477.86951421
2808,455318.034593756
2809,385626.808327112
2810,620162.636403843
2811,398182.249115174
2812,260667.496178483
2813,203419.221170173
2814,505948.04728043
2815,2649004.13910711
2816,317982.579097529
2817,821622.036114145
2818,1130299.56674007
2819,811491.617582332
2820,407509.192976986
2821,208904.514107037
2822,490446.642626864
2823,1389537.24043806
2824,1118120.33832203
2825,845282.151044609
2826,315869.359243596
2827,738964.189523061
2828,1079549.39843017
2829,1319342.42393163
2830,668622.665894192
2831,437100.280828645
2832,600160.461908651
2833,438025.707262233
2834,3644336.28960315
2835,475901.868822862
2836,341172.120136789
2837,22953053.1797993
2838,477844.966171208
2839,416158.694314584
2840,525751.736621514
2841,955170.758001806
2842,499664.200730378
2843,900408.767681116
2844,1177579.17997702
2845,512885.709952196
2846,267807.357152425
2847,364662.790061102
2848,2270981.99911745
2849,1484762.59172791
2850,2714102.58901956
2851,750200.039179687
2852,4814070.45155176
2853,370360.843344939
2854,454056.029635756
2855,1590126.73958167
2856,939841.19021196
2857,1324970.02791073
2858,328759.096393857
2859,521856.431157519
2860,675868.253863608
2861,385815.68443535
2862,524225.332606933
2863,745083.643819029
2864,768270.564321123
2865,1200894.08801788
2866,687124.765784431
2867,428860.920571088
2868,92703.5998372121
2869,515546.618527553
2870,466703.056943876
2871,3517255.45395611
2872,270449.391101896
2873,369624.189284459
2874,528308.706911643
2875,666763.753645379
2876,1105662.89238167
2877,382442.002514046
2878,116378.652122165
2879,670696.756444928
2880,362674.309553068
2881,2118142.43920603
2882,389147.259397493
2883,1143804.71005435
2884,617725.791742056
2885,297059.58601623
2886,590121.930421495
2887,358068.751844373
2888,570141.708572924
2889,591601.305401492
2890,1349696.77436203
2891,557262.749390321
2892,680072.588762847
2893,647688.375190361
2894,365317.660263206
2895,603013.046356427
2896,446899.388408849
2897,205815.609255795
2898,448308.084819727
2899,254855.244275747
2900,964611.469284641
2901,624763.343586737
2902,500777.782934595
2903,306885.657035123
2904,1298930.0363677
2905,335009.690554017
2906,221001.440984233
2907,282258.822058666
2908,2043951.25204714
2909,943193.501447961
2910,594420.413432717
2911,626588.058506673
2912,1204316.3161727
2913,589966.868251425
2914,338454.641830215
2915,370126.528078936
2916,621044.393410135
2917,35705.1561412562
2918,348663.310783937
2919,1076161.93953829
2920,411448.124544784
2921,370919.820270177
2922,1085791.02260946
2923,398516.129572087
2924,260620.021430069
2925,540802.654112353
2926,524222.511507923
2927,611189.819457802
2928,289901.381339661
2929,3411449.70263778
2930,289088.121476879
2931,803575.37175272
2932,185513.157574933
2933,353503.012394145
2934,766097.26877556
2935,1077733.75526815
2936,558435.222807218
2937,371295.82955923
2938,274033.588543383
2939,912445.819643569
2940,482284.893135634
2941,1032286.30191758
2942,938355.032740037
2943,1235099.68978149
2944,592391.244322924
2945,914471.367700921
2946,2630114.36965402
2947,803438.708184782
2948,537030.471407366
2949,886161.768050218
2950,653211.53423913
2951,695083.0731453
2952,337462.848205063
2953,1347853.70411049
2954,2078765.82981133
2955,911106.713816085
2956,343254.932108161
2957,10569.1475439029
2958,269519.861989949
2959,390248.542670095
2960,687093.495627044
2961,747383.48602331
2962,446289.773916497
2963,428561.338282851
2964,301365.366389964
2965,683406.241199105
2966,687674.975177061
2967,799527.852580544
2968,1907113.29385739
2969,954925.858476792
2970,112895.879855627
2971,493790.257448209
2972,690505.569801566
2973,278720.409162749
2974,499283.603816651
2975,22871.1668504968
2976,1502664.94523631
2977,652302.02421334
2978,182603.550347079
2979,131405.325261322
2980,906771.041328521
2981,710051.180162568
2982,673567.103079507
2983,2128040.34543534
2984,626727.202473905
2985,1074712.16388453
2986,1018639.85217862
2987,341076.137363149
2988,60951.1757318274
2989,113312.880969248
2990,504781.398413578
2991,568242.726658351
2992,731134.745048175
2993,311331.387709709
2994,1007078.78599384
2995,460158.582135413
2996,380823.203269959
2997,359260.393395805
2998,375730.856560072
2999,4279864.911892
3000,869306.474995462
